{
  "returned_dict": {
    "loss": 0.000208605680093371,
    "r2": 0.434983487078384,
    "status": "ok",
    "start_time": 1768163426.4560158,
    "duration": 57.322646141052246
  },
  "current_params": {
    "N": 47,
    "sr": 0.027020445653796025,
    "lr": 0.0106628322149116,
    "input_scaling": 0.28794666971007277,
    "ridge": 8.370579481044683e-06,
    "seed": 1234
  }
}