{
  "returned_dict": {
    "loss": 0.00019945087483270603,
    "r2": 0.4831994207276108,
    "status": "ok",
    "start_time": 1768163434.258904,
    "duration": 45.88786768913269
  },
  "current_params": {
    "N": 13,
    "sr": 0.023200509044234822,
    "lr": 0.10295794443224351,
    "input_scaling": 2.446385372253365,
    "ridge": 0.011690047196330516,
    "seed": 1234
  }
}