{
  "returned_dict": {
    "loss": 0.00021375251968508782,
    "r2": 0.4066880654722123,
    "status": "ok",
    "start_time": 1768163360.0636,
    "duration": 61.20317983627319
  },
  "current_params": {
    "N": 113,
    "sr": 0.06323055434023885,
    "lr": 0.046040284081499946,
    "input_scaling": 1.0998787335882119,
    "ridge": 0.0011813544515585262,
    "seed": 1234
  }
}