{
  "returned_dict": {
    "loss": 0.00028460252593615553,
    "r2": -0.052638905347196285,
    "status": "ok",
    "start_time": 1768153468.395305,
    "duration": 95.04842066764832
  },
  "current_params": {
    "N": 100,
    "sr": 0.5117430300313628,
    "lr": 0.8737678255441985,
    "input_scaling": 1.0,
    "ridge": 1.7858618063522573,
    "seed": 1234
  }
}