{
  "returned_dict": {
    "loss": 0.00037440729722113865,
    "r2": -0.8236825202171594,
    "status": "ok",
    "start_time": 1768154338.2834482,
    "duration": 95.21866464614868
  },
  "current_params": {
    "N": 100,
    "sr": 0.36539936142794777,
    "lr": 0.03865338349256125,
    "input_scaling": 1.0,
    "ridge": 0.04299476733198578,
    "seed": 1234
  }
}