{
  "returned_dict": {
    "loss": 0.00019781844039435965,
    "r2": 0.4918862296280125,
    "status": "ok",
    "start_time": 1768163099.3359356,
    "duration": 44.96064877510071
  },
  "current_params": {
    "N": 21,
    "sr": 3.1479990177253105,
    "lr": 0.25149549152136497,
    "input_scaling": 0.4214376026129217,
    "ridge": 0.6696048795121838,
    "seed": 1234
  }
}