{
  "returned_dict": {
    "loss": 0.00047989647724393773,
    "r2": -2.0072400854717314,
    "status": "ok",
    "start_time": 1768154244.3913226,
    "duration": 93.54184317588806
  },
  "current_params": {
    "N": 100,
    "sr": 0.747196413201204,
    "lr": 0.02686391753563502,
    "input_scaling": 1.0,
    "ridge": 0.0007239365538268983,
    "seed": 1234
  }
}