{
  "returned_dict": {
    "loss": 0.00021407196292534068,
    "r2": 0.40498217009500204,
    "status": "ok",
    "start_time": 1768163220.373133,
    "duration": 83.07251286506653
  },
  "current_params": {
    "N": 162,
    "sr": 0.039785480491272146,
    "lr": 0.010344858139522895,
    "input_scaling": 3.748424389563135,
    "ridge": 0.045077102892478675,
    "seed": 1234
  }
}