{
  "returned_dict": {
    "loss": 0.00032350503400127654,
    "r2": -0.3594086871480475,
    "status": "ok",
    "start_time": 1768153563.967143,
    "duration": 94.37325620651245
  },
  "current_params": {
    "N": 100,
    "sr": 0.12235100233650856,
    "lr": 0.020350682753671467,
    "input_scaling": 1.0,
    "ridge": 0.060442535285257816,
    "seed": 1234
  }
}