{
  "returned_dict": {
    "loss": 0.00020530071728494482,
    "r2": 0.4527400925848761,
    "status": "ok",
    "start_time": 1768163464.0258563,
    "duration": 31.98019242286682
  },
  "current_params": {
    "N": 34,
    "sr": 0.2922483958866369,
    "lr": 0.21170368886876478,
    "input_scaling": 8.151668574746127,
    "ridge": 0.00010118673627031409,
    "seed": 1234
  }
}