{
  "returned_dict": {
    "loss": 0.0006033089733557216,
    "r2": -4.142798140907811,
    "status": "ok",
    "start_time": 1768154538.9521868,
    "duration": 93.29567265510559
  },
  "current_params": {
    "N": 100,
    "sr": 0.8389855104787759,
    "lr": 0.021015685377232998,
    "input_scaling": 1.0,
    "ridge": 0.003215980640478136,
    "seed": 1234
  }
}