{
  "returned_dict": {
    "loss": 0.001853679058836765,
    "r2": -76.41461352264932,
    "status": "ok",
    "start_time": 1768160541.2993386,
    "duration": 92.21955561637878
  },
  "current_params": {
    "N": 84,
    "sr": 4.779289783449201,
    "lr": 0.3603852387684784,
    "input_scaling": 0.24506281377201808,
    "ridge": 0.001849468871532947,
    "seed": 1234
  }
}