{
  "returned_dict": {
    "loss": 0.00021777408237086735,
    "r2": 0.3823589955023388,
    "status": "ok",
    "start_time": 1768163276.6597116,
    "duration": 85.91312956809998
  },
  "current_params": {
    "N": 198,
    "sr": 0.05032901810421669,
    "lr": 0.01307993191554441,
    "input_scaling": 0.36539936142794777,
    "ridge": 0.00011354193842423595,
    "seed": 1234
  }
}