{
  "returned_dict": {
    "loss": 0.00019528984040737945,
    "r2": 0.5047740025230141,
    "status": "ok",
    "start_time": 1768163088.9295387,
    "duration": 46.32287621498108
  },
  "current_params": {
    "N": 18,
    "sr": 0.20731719263694534,
    "lr": 0.5214297905300547,
    "input_scaling": 2.4816244430149865,
    "ridge": 4.562905088129699e-06,
    "seed": 1234
  }
}