{
  "returned_dict": {
    "loss": 0.0003065012177927267,
    "r2": -0.23122498902526428,
    "status": "ok",
    "start_time": 1768160710.1416352,
    "duration": 81.87379789352417
  },
  "current_params": {
    "N": 51,
    "sr": 0.2673712944665897,
    "lr": 0.02843273897868822,
    "input_scaling": 2.185888420054088,
    "ridge": 0.0011483213305619538,
    "seed": 1234
  }
}