{
  "returned_dict": {
    "loss": 0.0003565064693939339,
    "r2": -0.6966398062085045,
    "status": "ok",
    "start_time": 1768163262.1800022,
    "duration": 66.60041308403015
  },
  "current_params": {
    "N": 99,
    "sr": 2.1988069097489777,
    "lr": 0.08276210937283389,
    "input_scaling": 1.3724053168927637,
    "ridge": 9.518729533539538e-06,
    "seed": 1234
  }
}