{
  "returned_dict": {
    "loss": 0.0003290513840852395,
    "r2": -0.4080246231327854,
    "status": "ok",
    "start_time": 1768159194.3509934,
    "duration": 121.4902503490448
  },
  "current_params": {
    "N": 180,
    "sr": 0.20731719263694534,
    "lr": 0.5214297905300547,
    "input_scaling": 2.4816244430149865,
    "ridge": 4.562905088129699e-06,
    "seed": 1234
  }
}