{
  "returned_dict": {
    "loss": 0.00020288531930547015,
    "r2": 0.465514221537819,
    "status": "ok",
    "start_time": 1768163217.7290623,
    "duration": 56.71895408630371
  },
  "current_params": {
    "N": 34,
    "sr": 3.1479990177253105,
    "lr": 0.25149549152136497,
    "input_scaling": 0.4214376026129217,
    "ridge": 0.6696048795121838,
    "seed": 1234
  }
}