{
  "returned_dict": {
    "loss": 0.00030805181486963655,
    "r2": -0.2917951058402574,
    "status": "ok",
    "start_time": 1768163094.7968936,
    "duration": 49.426666021347046
  },
  "current_params": {
    "N": 84,
    "sr": 4.779289783449201,
    "lr": 0.3603852387684784,
    "input_scaling": 0.24506281377201808,
    "ridge": 0.001849468871532947,
    "seed": 1234
  }
}