{
  "returned_dict": {
    "loss": 0.0002104909506883397,
    "r2": 0.42458557652645273,
    "status": "ok",
    "start_time": 1768163093.4172416,
    "duration": 50.48622488975525
  },
  "current_params": {
    "N": 87,
    "sr": 0.7852233350555969,
    "lr": 0.32822788943585807,
    "input_scaling": 0.5117430300313628,
    "ridge": 6.235713750682242,
    "seed": 1234
  }
}