{
  "returned_dict": {
    "loss": 0.00020680726044166578,
    "r2": 0.44408273360197525,
    "status": "ok",
    "start_time": 1768163350.3199496,
    "duration": 52.094571352005005
  },
  "current_params": {
    "N": 45,
    "sr": 0.02713767059689348,
    "lr": 0.01609926078711619,
    "input_scaling": 1.4972321507813302,
    "ridge": 1.5636904354972657e-05,
    "seed": 1234
  }
}