{
  "returned_dict": {
    "loss": 0.00019620069081778012,
    "r2": 0.5000235224340093,
    "status": "ok",
    "start_time": 1768163211.2009125,
    "duration": 50.4145712852478
  },
  "current_params": {
    "N": 26,
    "sr": 0.20731719263694534,
    "lr": 0.5214297905300547,
    "input_scaling": 2.4816244430149865,
    "ridge": 4.562905088129699e-06,
    "seed": 1234
  }
}