{
  "returned_dict": {
    "loss": 0.00026093764933426185,
    "r2": 0.11582366506968711,
    "status": "ok",
    "start_time": 1768160710.801372,
    "duration": 76.15772223472595
  },
  "current_params": {
    "N": 21,
    "sr": 3.1479990177253105,
    "lr": 0.25149549152136497,
    "input_scaling": 0.4214376026129217,
    "ridge": 0.6696048795121838,
    "seed": 1234
  }
}