{
  "returned_dict": {
    "loss": 0.0009855325386867741,
    "r2": -15.928695898142767,
    "status": "ok",
    "start_time": 1768154054.2107882,
    "duration": 95.24134492874146
  },
  "current_params": {
    "N": 100,
    "sr": 1.3724053168927637,
    "lr": 0.019036802148316663,
    "input_scaling": 1.0,
    "ridge": 6.334473370477651e-06,
    "seed": 1234
  }
}