{
  "returned_dict": {
    "loss": 0.0003536000198009757,
    "r2": -0.6247686956951575,
    "status": "ok",
    "start_time": 1768153372.7120247,
    "duration": 95.28310346603394
  },
  "current_params": {
    "N": 100,
    "sr": 0.28475898979226083,
    "lr": 0.12857886092104664,
    "input_scaling": 1.0,
    "ridge": 2.7971824370551556e-06,
    "seed": 1234
  }
}