{
  "returned_dict": {
    "loss": 0.00020195858454285148,
    "r2": 0.470413520640148,
    "status": "ok",
    "start_time": 1768163406.4837608,
    "duration": 62.08632206916809
  },
  "current_params": {
    "N": 107,
    "sr": 0.20197200649695657,
    "lr": 0.9654974433772779,
    "input_scaling": 6.07231835719173,
    "ridge": 0.17388260432091301,
    "seed": 1234
  }
}