{
  "returned_dict": {
    "loss": 0.0001985012709476999,
    "r2": 0.4881077969975549,
    "status": "ok",
    "start_time": 1768163091.1182344,
    "duration": 50.476924657821655
  },
  "current_params": {
    "N": 85,
    "sr": 0.1295370709482183,
    "lr": 0.7137234690401971,
    "input_scaling": 1.9396806804067672,
    "ridge": 0.5745545826004834,
    "seed": 1234
  }
}