{
  "returned_dict": {
    "loss": 0.0024118350928207417,
    "r2": -113.06794220515293,
    "status": "ok",
    "start_time": 1768153843.448838,
    "duration": 109.23461365699768
  },
  "current_params": {
    "N": 100,
    "sr": 2.5149549152136514,
    "lr": 0.04214376026129216,
    "input_scaling": 1.0,
    "ridge": 0.6696048795121838,
    "seed": 1234
  }
}