{
  "returned_dict": {
    "loss": 0.0008431340089525579,
    "r2": -8.883665503537731,
    "status": "ok",
    "start_time": 1768163278.8252711,
    "duration": 79.51703524589539
  },
  "current_params": {
    "N": 172,
    "sr": 0.9677196154364964,
    "lr": 0.1300362104499763,
    "input_scaling": 3.6965485812646066,
    "ridge": 0.04468839759263114,
    "seed": 1234
  }
}