{
  "returned_dict": {
    "loss": 0.002296889116314379,
    "r2": -73.46241479544926,
    "status": "ok",
    "start_time": 1768152856.0176466,
    "duration": 94.4446656703949
  },
  "current_params": {
    "N": 100,
    "sr": 3.5311169138214122,
    "lr": 0.07546696410796928,
    "input_scaling": 1.0,
    "ridge": 1.023730021402576,
    "seed": 1234
  }
}