{
  "returned_dict": {
    "loss": 0.00021791653580955646,
    "r2": 0.3826367749953357,
    "status": "ok",
    "start_time": 1768163385.0177112,
    "duration": 54.21562385559082
  },
  "current_params": {
    "N": 53,
    "sr": 2.6592209046654665,
    "lr": 0.04308020741994225,
    "input_scaling": 8.050053935154603,
    "ridge": 0.00010874889855769964,
    "seed": 1234
  }
}