{
  "returned_dict": {
    "loss": 0.0003209592391407731,
    "r2": -0.3409595114297215,
    "status": "ok",
    "start_time": 1768154532.2684522,
    "duration": 95.23323202133179
  },
  "current_params": {
    "N": 100,
    "sr": 0.1110258600993469,
    "lr": 0.01513894884722658,
    "input_scaling": 1.0,
    "ridge": 0.11389783111890504,
    "seed": 1234
  }
}