{
  "returned_dict": {
    "loss": 0.0005989594273442791,
    "r2": -4.082443653817854,
    "status": "ok",
    "start_time": 1768154238.1779494,
    "duration": 95.04206442832947
  },
  "current_params": {
    "N": 100,
    "sr": 1.3134523488159873,
    "lr": 0.040541535749001746,
    "input_scaling": 1.0,
    "ridge": 1.6433302207560806e-06,
    "seed": 1234
  }
}