{
  "returned_dict": {
    "loss": 0.00025148404717324074,
    "r2": 0.16155917266280173,
    "status": "ok",
    "start_time": 1768163286.9502995,
    "duration": 65.33124852180481
  },
  "current_params": {
    "N": 87,
    "sr": 1.46919029810118,
    "lr": 0.08389855104787756,
    "input_scaling": 0.21015685377232998,
    "ridge": 0.003215980640478136,
    "seed": 1234
  }
}