{
  "returned_dict": {
    "loss": 0.0002235640804125401,
    "r2": 0.3502421765252321,
    "status": "ok",
    "start_time": 1768163275.1892328,
    "duration": 80.51960754394531
  },
  "current_params": {
    "N": 155,
    "sr": 0.012372387219901181,
    "lr": 0.07471964132012042,
    "input_scaling": 0.2686391753563501,
    "ridge": 0.0007239365538268983,
    "seed": 1234
  }
}