{
  "returned_dict": {
    "loss": 0.0004068372809077251,
    "r2": -1.1567167755719314,
    "status": "ok",
    "start_time": 1768153276.1135101,
    "duration": 96.16690707206726
  },
  "current_params": {
    "N": 100,
    "sr": 0.7957412573105526,
    "lr": 0.055156417269609674,
    "input_scaling": 1.0,
    "ridge": 3.071531134832101,
    "seed": 1234
  }
}