{
  "returned_dict": {
    "loss": 0.00020101439439366363,
    "r2": 0.47535904761556785,
    "status": "ok",
    "start_time": 1768163214.4178216,
    "duration": 63.98330593109131
  },
  "current_params": {
    "N": 104,
    "sr": 0.02903143319650421,
    "lr": 0.23232604885522545,
    "input_scaling": 3.0869124462807656,
    "ridge": 5.923359983328626,
    "seed": 1234
  }
}