{
  "returned_dict": {
    "loss": 0.0003605917061680683,
    "r2": -0.7305880349139207,
    "status": "ok",
    "start_time": 1768159316.2541611,
    "duration": 638.9224896430969
  },
  "current_params": {
    "N": 855,
    "sr": 0.1295370709482183,
    "lr": 0.7137234690401971,
    "input_scaling": 1.9396806804067672,
    "ridge": 0.5745545826004834,
    "seed": 1234
  }
}