{
  "returned_dict": {
    "loss": 0.0010598347014548508,
    "r2": -21.311060790024374,
    "status": "ok",
    "start_time": 1768163304.2017896,
    "duration": 77.88663935661316
  },
  "current_params": {
    "N": 192,
    "sr": 2.1689658386253026,
    "lr": 0.27150659192692206,
    "input_scaling": 0.7919960293789889,
    "ridge": 8.048054948995102e-05,
    "seed": 1234
  }
}