{
  "returned_dict": {
    "loss": 0.0002791131594075475,
    "r2": -0.011870475936295477,
    "status": "ok",
    "start_time": 1768163329.2180426,
    "duration": 50.14301419258118
  },
  "current_params": {
    "N": 25,
    "sr": 5.102784053150137,
    "lr": 0.08157415422961875,
    "input_scaling": 0.2539374356348187,
    "ridge": 0.0001385786636663778,
    "seed": 1234
  }
}