{
  "returned_dict": {
    "loss": 0.00021263124393222123,
    "r2": 0.4125795280721737,
    "status": "ok",
    "start_time": 1768163447.3206809,
    "duration": 51.623652935028076
  },
  "current_params": {
    "N": 166,
    "sr": 0.023510475398209076,
    "lr": 0.7163497307877634,
    "input_scaling": 0.6239594802658929,
    "ridge": 0.00012783237049843521,
    "seed": 1234
  }
}