{
  "returned_dict": {
    "loss": 0.0012271307016978568,
    "r2": -21.1921894206845,
    "status": "ok",
    "start_time": 1768153558.9243786,
    "duration": 93.9469563961029
  },
  "current_params": {
    "N": 100,
    "sr": 3.6038523876847863,
    "lr": 0.024506281377201813,
    "input_scaling": 1.0,
    "ridge": 0.001849468871532947,
    "seed": 1234
  }
}