{
  "returned_dict": {
    "loss": 0.00040327136833410624,
    "r2": -1.4789924333178717,
    "status": "ok",
    "start_time": 1768163212.0186944,
    "duration": 74.10370993614197
  },
  "current_params": {
    "N": 157,
    "sr": 8.450201302139062,
    "lr": 0.33287363915578394,
    "input_scaling": 3.733607072503035,
    "ridge": 7.884886182748217e-06,
    "seed": 1234
  }
}