{
  "returned_dict": {
    "loss": 0.00042061736460540417,
    "r2": -1.7081263434052223,
    "status": "ok",
    "start_time": 1768163213.3948224,
    "duration": 82.0690529346466
  },
  "current_params": {
    "N": 167,
    "sr": 4.779289783449201,
    "lr": 0.3603852387684784,
    "input_scaling": 0.24506281377201808,
    "ridge": 0.001849468871532947,
    "seed": 1234
  }
}