{
  "returned_dict": {
    "loss": 0.00025423120141520054,
    "r2": 0.1359300529977226,
    "status": "ok",
    "start_time": 1768163295.9254296,
    "duration": 63.576233863830566
  },
  "current_params": {
    "N": 74,
    "sr": 5.317923335242434,
    "lr": 0.2508500937206448,
    "input_scaling": 0.3402043974160324,
    "ridge": 6.084636543680351,
    "seed": 1234
  }
}