{
  "returned_dict": {
    "loss": 0.000232523143592385,
    "r2": 0.2978865988641111,
    "status": "ok",
    "start_time": 1768163382.5590413,
    "duration": 81.1246931552887
  },
  "current_params": {
    "N": 195,
    "sr": 0.012949042865580275,
    "lr": 0.128737460761544,
    "input_scaling": 0.551879888305114,
    "ridge": 0.6434698488536896,
    "seed": 1234
  }
}