{
  "returned_dict": {
    "loss": 0.00020282088113090195,
    "r2": 0.4642872231799094,
    "status": "ok",
    "start_time": 1768163092.423004,
    "duration": 49.1387197971344
  },
  "current_params": {
    "N": 50,
    "sr": 0.21391566866988704,
    "lr": 0.02847589897922608,
    "input_scaling": 1.2857886092104667,
    "ridge": 2.7971824370551556e-06,
    "seed": 1234
  }
}