{
  "returned_dict": {
    "loss": 0.0005477212392155121,
    "r2": -2.9166409976928174,
    "status": "ok",
    "start_time": 1768153273.6900914,
    "duration": 95.18386960029602
  },
  "current_params": {
    "N": 100,
    "sr": 3.3287363915578414,
    "lr": 0.37336070725030324,
    "input_scaling": 1.0,
    "ridge": 7.884886182748217e-06,
    "seed": 1234
  }
}