{
  "returned_dict": {
    "loss": 0.0002186469354527549,
    "r2": 0.3791658999974321,
    "status": "ok",
    "start_time": 1768163098.2939887,
    "duration": 46.69759202003479
  },
  "current_params": {
    "N": 51,
    "sr": 0.2673712944665897,
    "lr": 0.02843273897868822,
    "input_scaling": 2.185888420054088,
    "ridge": 0.0011483213305619538,
    "seed": 1234
  }
}