{
  "returned_dict": {
    "loss": 0.00022464729668148327,
    "r2": 0.34329348948786337,
    "status": "ok",
    "start_time": 1768163290.4579794,
    "duration": 59.486345529556274
  },
  "current_params": {
    "N": 38,
    "sr": 0.7777638962486083,
    "lr": 0.052920656253467535,
    "input_scaling": 0.14972690198018482,
    "ridge": 6.699483392024172e-06,
    "seed": 1234
  }
}