{
  "returned_dict": {
    "loss": 0.002030221421265389,
    "r2": -92.0086194359349,
    "status": "ok",
    "start_time": 1768160439.8627555,
    "duration": 91.83483648300171
  },
  "current_params": {
    "N": 85,
    "sr": 0.1295370709482183,
    "lr": 0.7137234690401971,
    "input_scaling": 1.9396806804067672,
    "ridge": 0.5745545826004834,
    "seed": 1234
  }
}