{
  "returned_dict": {
    "loss": 0.00020098087613731224,
    "r2": 0.47552065024629936,
    "status": "ok",
    "start_time": 1768163335.435887,
    "duration": 49.18203568458557
  },
  "current_params": {
    "N": 28,
    "sr": 0.5465862556688605,
    "lr": 0.02257072793600427,
    "input_scaling": 5.1668822955029245,
    "ridge": 0.20400307270735019,
    "seed": 1234
  }
}