{
  "returned_dict": {
    "loss": 0.0002289240393560355,
    "r2": 0.31934253992795647,
    "status": "ok",
    "start_time": 1768163282.4879954,
    "duration": 65.8189218044281
  },
  "current_params": {
    "N": 87,
    "sr": 2.7673312922183193,
    "lr": 0.021574753370052605,
    "input_scaling": 0.1110258600993469,
    "ridge": 4.269087196795672e-06,
    "seed": 1234
  }
}