{
  "returned_dict": {
    "loss": 0.0004094262503913761,
    "r2": -1.1789290674969122,
    "status": "ok",
    "start_time": 1768153369.2257688,
    "duration": 94.14525079727173
  },
  "current_params": {
    "N": 100,
    "sr": 1.9396806804067672,
    "lr": 0.44210276038028,
    "input_scaling": 1.0,
    "ridge": 0.001270279799421368,
    "seed": 1234
  }
}