{
  "returned_dict": {
    "loss": 0.000205609665174574,
    "r2": 0.4497732783586836,
    "status": "ok",
    "start_time": 1768163363.0125794,
    "duration": 59.43429231643677
  },
  "current_params": {
    "N": 99,
    "sr": 0.011610107464600661,
    "lr": 0.4493490712449503,
    "input_scaling": 6.19899867722493,
    "ridge": 9.588344357930816e-06,
    "seed": 1234
  }
}