{
  "returned_dict": {
    "loss": 0.00028286312894719397,
    "r2": -0.03916490413562168,
    "status": "ok",
    "start_time": 1768163379.8641963,
    "duration": 67.00863766670227
  },
  "current_params": {
    "N": 115,
    "sr": 1.5169939293988253,
    "lr": 0.34458390142696904,
    "input_scaling": 0.16424111772330083,
    "ridge": 2.5827532455556628,
    "seed": 1234
  }
}