{
  "returned_dict": {
    "loss": 0.0003435950928773729,
    "r2": -0.5474107144266797,
    "status": "ok",
    "start_time": 1768154428.687664,
    "duration": 103.12741374969482
  },
  "current_params": {
    "N": 100,
    "sr": 1.300362104499763,
    "lr": 0.3696548581264604,
    "input_scaling": 1.0,
    "ridge": 0.04468839759263114,
    "seed": 1234
  }
}