{
  "returned_dict": {
    "loss": 0.0019111580035396627,
    "r2": -60.37741370649772,
    "status": "ok",
    "start_time": 1768154150.0254629,
    "duration": 93.49884796142578
  },
  "current_params": {
    "N": 100,
    "sr": 3.3884237321586297,
    "lr": 0.1859673232376185,
    "input_scaling": 1.0,
    "ridge": 0.007499905730702615,
    "seed": 1234
  }
}