{
  "returned_dict": {
    "loss": 0.00026632893100514513,
    "r2": 0.07527014040960356,
    "status": "ok",
    "start_time": 1768160633.8992321,
    "duration": 75.5474112033844
  },
  "current_params": {
    "N": 13,
    "sr": 0.0949458691420658,
    "lr": 0.05507054976993255,
    "input_scaling": 0.8691837985677527,
    "ridge": 2.1198225786029507e-05,
    "seed": 1234
  }
}