{
  "returned_dict": {
    "loss": 0.0008544370652477785,
    "r2": -8.700167533792168,
    "status": "ok",
    "start_time": 1768163410.1027775,
    "duration": 75.22677826881409
  },
  "current_params": {
    "N": 179,
    "sr": 0.9660148208012063,
    "lr": 0.055887599714967644,
    "input_scaling": 0.1545017262345615,
    "ridge": 0.16886019227121438,
    "seed": 1234
  }
}