{
  "returned_dict": {
    "loss": 0.00039979340994473805,
    "r2": -1.111307451602424,
    "status": "ok",
    "start_time": 1768160532.2868295,
    "duration": 91.48490571975708
  },
  "current_params": {
    "N": 87,
    "sr": 0.7852233350555969,
    "lr": 0.32822788943585807,
    "input_scaling": 0.5117430300313628,
    "ridge": 6.235713750682242,
    "seed": 1234
  }
}