{
  "returned_dict": {
    "loss": 0.00023608333876033995,
    "r2": 0.263775373554219,
    "status": "ok",
    "start_time": 1768163211.5672617,
    "duration": 61.85547494888306
  },
  "current_params": {
    "N": 95,
    "sr": 0.21391566866988704,
    "lr": 0.02847589897922608,
    "input_scaling": 1.2857886092104667,
    "ridge": 2.7971824370551556e-06,
    "seed": 1234
  }
}