{
  "returned_dict": {
    "loss": 0.0002202263277373284,
    "r2": 0.3702232921938593,
    "status": "ok",
    "start_time": 1768163349.056726,
    "duration": 76.90562343597412
  },
  "current_params": {
    "N": 146,
    "sr": 0.017919791960426187,
    "lr": 0.0678601482896807,
    "input_scaling": 0.12112348213889788,
    "ridge": 0.0028703558059795984,
    "seed": 1234
  }
}