{
  "returned_dict": {
    "loss": 0.0002591613064763439,
    "r2": 0.12603330685923425,
    "status": "ok",
    "start_time": 1768163416.800864,
    "duration": 63.94473481178284
  },
  "current_params": {
    "N": 82,
    "sr": 6.4630788086915905,
    "lr": 0.03033480098231498,
    "input_scaling": 0.1760012956085035,
    "ridge": 0.6573379481951354,
    "seed": 1234
  }
}