{
  "returned_dict": {
    "loss": 0.0014300108883614291,
    "r2": -27.693140811350837,
    "status": "ok",
    "start_time": 1768154333.6534073,
    "duration": 94.67160058021545
  },
  "current_params": {
    "N": 100,
    "sr": 5.091035747757645,
    "lr": 0.029368311080189426,
    "input_scaling": 1.0,
    "ridge": 2.5592881854202702e-06,
    "seed": 1234
  }
}