{
  "returned_dict": {
    "loss": 0.0010168719084370865,
    "r2": -17.537540763575432,
    "status": "ok",
    "start_time": 1768163289.131708,
    "duration": 82.52786540985107
  },
  "current_params": {
    "N": 188,
    "sr": 1.2273293649724264,
    "lr": 0.07803915372354436,
    "input_scaling": 0.5781525589329861,
    "ridge": 0.0001289984892181323,
    "seed": 1234
  }
}