{
  "returned_dict": {
    "loss": 0.00021482839075763054,
    "r2": 0.39994207763133416,
    "status": "ok",
    "start_time": 1768163269.4954042,
    "duration": 77.43615531921387
  },
  "current_params": {
    "N": 143,
    "sr": 0.022059223484879882,
    "lr": 0.21717304645704524,
    "input_scaling": 0.8753715188811558,
    "ridge": 0.009050086816569502,
    "seed": 1234
  }
}