{
  "returned_dict": {
    "loss": 0.00021170397185138123,
    "r2": 0.4166821359789384,
    "status": "ok",
    "start_time": 1768163421.6653082,
    "duration": 56.47540235519409
  },
  "current_params": {
    "N": 59,
    "sr": 0.028830551485457833,
    "lr": 0.022831614148855896,
    "input_scaling": 1.580394767236243,
    "ridge": 1.324141161066457,
    "seed": 1234
  }
}