{
  "returned_dict": {
    "loss": 0.0002654618407897517,
    "r2": 0.07802127758860722,
    "status": "ok",
    "start_time": 1768160362.0331237,
    "duration": 94.62221837043762
  },
  "current_params": {
    "N": 79,
    "sr": 8.450201302139062,
    "lr": 0.33287363915578394,
    "input_scaling": 3.733607072503035,
    "ridge": 7.884886182748217e-06,
    "seed": 1234
  }
}