{
  "returned_dict": {
    "loss": 0.0002036208768681847,
    "r2": 0.46107115893566114,
    "status": "ok",
    "start_time": 1768163273.840017,
    "duration": 61.170761585235596
  },
  "current_params": {
    "N": 25,
    "sr": 0.8019641600450214,
    "lr": 0.1279849200002848,
    "input_scaling": 1.3134523488159873,
    "ridge": 0.00013416853770107534,
    "seed": 1234
  }
}