{
  "returned_dict": {
    "loss": 0.0003111904199048204,
    "r2": -0.41116665858500695,
    "status": "ok",
    "start_time": 1768163216.633518,
    "duration": 58.58511662483215
  },
  "current_params": {
    "N": 97,
    "sr": 0.2673712944665897,
    "lr": 0.02843273897868822,
    "input_scaling": 2.185888420054088,
    "ridge": 0.0011483213305619538,
    "seed": 1234
  }
}