{
  "returned_dict": {
    "loss": 0.0008287650058828968,
    "r2": -9.222164993155614,
    "status": "ok",
    "start_time": 1768163408.1497126,
    "duration": 73.04374313354492
  },
  "current_params": {
    "N": 170,
    "sr": 4.7900485921660465,
    "lr": 0.1090728649853961,
    "input_scaling": 0.4284085242993936,
    "ridge": 0.2535636675426472,
    "seed": 1234
  }
}