{
  "returned_dict": {
    "loss": 0.00032534153602332364,
    "r2": -0.5907551110670755,
    "status": "ok",
    "start_time": 1768163352.7848587,
    "duration": 54.84892129898071
  },
  "current_params": {
    "N": 72,
    "sr": 5.961565983187638,
    "lr": 0.14525205298476923,
    "input_scaling": 0.49401440083527653,
    "ridge": 0.013690157368111987,
    "seed": 1234
  }
}