{
  "returned_dict": {
    "loss": 0.0006570666739891065,
    "r2": -5.191934697153486,
    "status": "ok",
    "start_time": 1768153753.835538,
    "duration": 97.34408664703369
  },
  "current_params": {
    "N": 100,
    "sr": 2.185888420054088,
    "lr": 0.0748693112208652,
    "input_scaling": 1.0,
    "ridge": 0.67413577117988,
    "seed": 1234
  }
}