{
  "returned_dict": {
    "loss": 0.00020076070798681465,
    "r2": 0.4766809430127867,
    "status": "ok",
    "start_time": 1768163215.5552554,
    "duration": 53.44016909599304
  },
  "current_params": {
    "N": 18,
    "sr": 0.0949458691420658,
    "lr": 0.05507054976993255,
    "input_scaling": 0.8691837985677527,
    "ridge": 2.1198225786029507e-05,
    "seed": 1234
  }
}