{
  "returned_dict": {
    "loss": 0.00020776823863349872,
    "r2": 0.439008184099366,
    "status": "ok",
    "start_time": 1768163402.8952885,
    "duration": 72.23835778236389
  },
  "current_params": {
    "N": 128,
    "sr": 0.05859968367890801,
    "lr": 0.7448814174998794,
    "input_scaling": 0.2134104271984809,
    "ridge": 2.062406818112953e-06,
    "seed": 1234
  }
}