{
  "returned_dict": {
    "loss": 0.0003646970876493861,
    "r2": -0.8614456091013447,
    "status": "ok",
    "start_time": 1768163347.4044936,
    "duration": 58.63459038734436
  },
  "current_params": {
    "N": 103,
    "sr": 0.19782406389761853,
    "lr": 0.1797288027936551,
    "input_scaling": 1.472976905984142,
    "ridge": 0.035393720001992944,
    "seed": 1234
  }
}