{
  "returned_dict": {
    "loss": 0.0002108500888709585,
    "r2": 0.4227318657261022,
    "status": "ok",
    "start_time": 1768163210.6548114,
    "duration": 78.76192283630371
  },
  "current_params": {
    "N": 169,
    "sr": 0.1295370709482183,
    "lr": 0.7137234690401971,
    "input_scaling": 1.9396806804067672,
    "ridge": 0.5745545826004834,
    "seed": 1234
  }
}