{
  "returned_dict": {
    "loss": 0.00036137369537850837,
    "r2": -0.7079348920836972,
    "status": "ok",
    "start_time": 1768153658.690438,
    "duration": 94.80802083015442
  },
  "current_params": {
    "N": 100,
    "sr": 0.5507054976993255,
    "lr": 0.08691837985677525,
    "input_scaling": 1.0,
    "ridge": 2.1198225786029507e-05,
    "seed": 1234
  }
}