{
  "returned_dict": {
    "loss": 0.0002585072073985925,
    "r2": 0.13133003347695976,
    "status": "ok",
    "start_time": 1768160362.0323286,
    "duration": 77.10318994522095
  },
  "current_params": {
    "N": 18,
    "sr": 0.20731719263694534,
    "lr": 0.5214297905300547,
    "input_scaling": 2.4816244430149865,
    "ridge": 4.562905088129699e-06,
    "seed": 1234
  }
}