{
  "returned_dict": {
    "loss": 0.0008493288222904843,
    "r2": -8.448362202672847,
    "status": "ok",
    "start_time": 1768154142.7526033,
    "duration": 94.95162439346313
  },
  "current_params": {
    "N": 100,
    "sr": 2.171730464570453,
    "lr": 0.08753715188811556,
    "input_scaling": 1.0,
    "ridge": 0.009050086816569502,
    "seed": 1234
  }
}