{
  "returned_dict": {
    "loss": 0.00019881050057416513,
    "r2": 0.48655276744584963,
    "status": "ok",
    "start_time": 1768163096.2199934,
    "duration": 47.59887647628784
  },
  "current_params": {
    "N": 54,
    "sr": 0.02903143319650421,
    "lr": 0.23232604885522545,
    "input_scaling": 3.0869124462807656,
    "ridge": 5.923359983328626,
    "seed": 1234
  }
}