{
  "returned_dict": {
    "loss": 0.00020645321811267627,
    "r2": 0.4465552653014266,
    "status": "ok",
    "start_time": 1768163439.6825166,
    "duration": 55.32530212402344
  },
  "current_params": {
    "N": 138,
    "sr": 0.039749068440273386,
    "lr": 0.4057411467921432,
    "input_scaling": 2.6965858993486163,
    "ridge": 0.14889771305751315,
    "seed": 1234
  }
}