{
  "returned_dict": {
    "loss": 0.0034824363265854863,
    "r2": -233.811183294675,
    "status": "ok",
    "start_time": 1768153653.5339973,
    "duration": 94.13147616386414
  },
  "current_params": {
    "N": 100,
    "sr": 3.0869124462807656,
    "lr": 0.8610323423725232,
    "input_scaling": 1.0,
    "ridge": 0.00019088750738719085,
    "seed": 1234
  }
}