{
  "returned_dict": {
    "loss": 0.00028734852381883476,
    "r2": -0.08637797590428614,
    "status": "ok",
    "start_time": 1768163212.4497595,
    "duration": 75.98749780654907
  },
  "current_params": {
    "N": 173,
    "sr": 0.7852233350555969,
    "lr": 0.32822788943585807,
    "input_scaling": 0.5117430300313628,
    "ridge": 6.235713750682242,
    "seed": 1234
  }
}