{
  "returned_dict": {
    "loss": 0.00025935338151938535,
    "r2": 0.12638911924704926,
    "status": "ok",
    "start_time": 1768153956.3703325,
    "duration": 97.30111956596375
  },
  "current_params": {
    "N": 100,
    "sr": 0.10344858139522892,
    "lr": 0.37484243895631325,
    "input_scaling": 1.0,
    "ridge": 0.045077102892478675,
    "seed": 1234
  }
}