{
  "returned_dict": {
    "loss": 0.00019672661125246516,
    "r2": 0.49748291578684944,
    "status": "ok",
    "start_time": 1768163358.7506452,
    "duration": 50.91470980644226
  },
  "current_params": {
    "N": 14,
    "sr": 0.28838654399998,
    "lr": 0.09581069460475697,
    "input_scaling": 7.510224336900764,
    "ridge": 0.010048387315921416,
    "seed": 1234
  }
}