{
  "returned_dict": {
    "loss": 0.000729364573318551,
    "r2": -6.838995828851679,
    "status": "ok",
    "start_time": 1768154048.295569,
    "duration": 94.0950665473938
  },
  "current_params": {
    "N": 100,
    "sr": 2.5723541334066287,
    "lr": 0.36429906957070607,
    "input_scaling": 1.0,
    "ridge": 0.0016308365220372865,
    "seed": 1234
  }
}