{
  "returned_dict": {
    "loss": 0.0001954623274779918,
    "r2": 0.5038979217554121,
    "status": "ok",
    "start_time": 1768163423.1202896,
    "duration": 52.54726004600525
  },
  "current_params": {
    "N": 18,
    "sr": 0.08530431869181167,
    "lr": 0.35876467655871064,
    "input_scaling": 8.783201618909878,
    "ridge": 0.0032002824022071353,
    "seed": 1234
  }
}