{
  "returned_dict": {
    "loss": 0.00021910926262132203,
    "r2": 0.3743806354421749,
    "status": "ok",
    "start_time": 1768163090.0050051,
    "duration": 50.315666913986206
  },
  "current_params": {
    "N": 79,
    "sr": 8.450201302139062,
    "lr": 0.33287363915578394,
    "input_scaling": 3.733607072503035,
    "ridge": 7.884886182748217e-06,
    "seed": 1234
  }
}