{
  "returned_dict": {
    "loss": 0.0011696505923061242,
    "r2": -25.27203858312668,
    "status": "ok",
    "start_time": 1768152856.9750907,
    "duration": 93.46704030036926
  },
  "current_params": {
    "N": 100,
    "sr": 2.4816244430149865,
    "lr": 0.015429601005519732,
    "input_scaling": 1.0,
    "ridge": 6.750818959983659,
    "seed": 1234
  }
}