{
  "returned_dict": {
    "loss": 0.004064986214473011,
    "r2": -223.95884967219808,
    "status": "ok",
    "start_time": 1768159194.927312,
    "duration": 559.7885141372681
  },
  "current_params": {
    "N": 796,
    "sr": 8.450201302139062,
    "lr": 0.33287363915578394,
    "input_scaling": 3.733607072503035,
    "ridge": 7.884886182748217e-06,
    "seed": 1234
  }
}