{
  "returned_dict": {
    "loss": 0.00037974295812912196,
    "r2": -1.2641404162962728,
    "status": "ok",
    "start_time": 1768163356.0869436,
    "duration": 60.22384786605835
  },
  "current_params": {
    "N": 66,
    "sr": 7.510651999348724,
    "lr": 0.0921736687521619,
    "input_scaling": 3.6768037885372813,
    "ridge": 3.7941107122077663e-06,
    "seed": 1234
  }
}