{
  "returned_dict": {
    "loss": 0.00034385111172311145,
    "r2": -0.5956980040497145,
    "status": "ok",
    "start_time": 1768160457.0559838,
    "duration": 83.91311383247375
  },
  "current_params": {
    "N": 50,
    "sr": 0.21391566866988704,
    "lr": 0.02847589897922608,
    "input_scaling": 1.2857886092104667,
    "ridge": 2.7971824370551556e-06,
    "seed": 1234
  }
}