{
  "returned_dict": {
    "loss": 0.00021365661943056912,
    "r2": 0.4066098224758276,
    "status": "ok",
    "start_time": 1768163218.9330978,
    "duration": 63.13673663139343
  },
  "current_params": {
    "N": 92,
    "sr": 0.14535672756798024,
    "lr": 0.037727341902695964,
    "input_scaling": 2.31734666890075,
    "ridge": 9.511902396778305e-06,
    "seed": 1234
  }
}