{
  "returned_dict": {
    "loss": 0.0010551338473721744,
    "r2": -14.731672680625737,
    "status": "ok",
    "start_time": 1768153953.0397294,
    "duration": 94.95002007484436
  },
  "current_params": {
    "N": 100,
    "sr": 2.31734666890075,
    "lr": 0.01903290006223862,
    "input_scaling": 1.0,
    "ridge": 2.50817258929381e-05,
    "seed": 1234
  }
}