{
  "returned_dict": {
    "loss": 0.0002007217889784879,
    "r2": 0.476592623765687,
    "status": "ok",
    "start_time": 1768163097.150373,
    "duration": 45.13669681549072
  },
  "current_params": {
    "N": 13,
    "sr": 0.0949458691420658,
    "lr": 0.05507054976993255,
    "input_scaling": 0.8691837985677527,
    "ridge": 2.1198225786029507e-05,
    "seed": 1234
  }
}