{
  "returned_dict": {
    "loss": 0.00028145212806250674,
    "r2": -0.028759937215368236,
    "status": "ok",
    "start_time": 1768154433.8230636,
    "duration": 104.74511814117432
  },
  "current_params": {
    "N": 100,
    "sr": 0.6497910464896942,
    "lr": 0.4246594269178856,
    "input_scaling": 1.0,
    "ridge": 1.47506255815094e-05,
    "seed": 1234
  }
}