{
  "returned_dict": {
    "loss": 0.00025779053586722715,
    "r2": 0.13610356569562643,
    "status": "ok",
    "start_time": 1768160624.1549096,
    "duration": 85.88918709754944
  },
  "current_params": {
    "N": 54,
    "sr": 0.02903143319650421,
    "lr": 0.23232604885522545,
    "input_scaling": 3.0869124462807656,
    "ridge": 5.923359983328626,
    "seed": 1234
  }
}