{
  "returned_dict": {
    "loss": 0.0001988872514723405,
    "r2": 0.48640013751279637,
    "status": "ok",
    "start_time": 1768163372.188164,
    "duration": 61.543806314468384
  },
  "current_params": {
    "N": 67,
    "sr": 0.021170310287683205,
    "lr": 0.2210447406231446,
    "input_scaling": 0.3651468577334505,
    "ridge": 0.04130079798243335,
    "seed": 1234
  }
}