{
  "returned_dict": {
    "loss": 0.000356435455094736,
    "r2": -0.6498340270811623,
    "status": "ok",
    "start_time": 1768153748.2076304,
    "duration": 94.41563248634338
  },
  "current_params": {
    "N": 100,
    "sr": 0.18190431896729697,
    "lr": 0.08941489120323662,
    "input_scaling": 1.0,
    "ridge": 3.87583645592603e-05,
    "seed": 1234
  }
}