{
  "returned_dict": {
    "loss": 0.0007934446214659281,
    "r2": -7.193719071897851,
    "status": "ok",
    "start_time": 1768159755.2842822,
    "duration": 302.2045884132385
  },
  "current_params": {
    "N": 505,
    "sr": 0.21391566866988704,
    "lr": 0.02847589897922608,
    "input_scaling": 1.2857886092104667,
    "ridge": 2.7971824370551556e-06,
    "seed": 1234
  }
}