{
  "returned_dict": {
    "loss": 0.011702730644999017,
    "r2": -1871.253511068403,
    "status": "ok",
    "start_time": 1768153852.8604295,
    "duration": 103.05402946472168
  },
  "current_params": {
    "N": 100,
    "sr": 4.069384391668903,
    "lr": 0.059560283744694,
    "input_scaling": 1.0,
    "ridge": 0.00010430298260548682,
    "seed": 1234
  }
}