{
  "returned_dict": {
    "loss": 0.01000799434215245,
    "r2": -2404.3270089146067,
    "status": "ok",
    "start_time": 1768153463.8322842,
    "duration": 94.29667901992798
  },
  "current_params": {
    "N": 100,
    "sr": 4.521289791589676,
    "lr": 0.18337021671045928,
    "input_scaling": 1.0,
    "ridge": 0.20258821625920026,
    "seed": 1234
  }
}